latency_p99_ms,error_rate_percent,requests_per_second,latency_ratio,concurrent_requests
156.73,0.05,17.38,1.6,1
161.2,1.78,8.91,1.96,1
91.24,0.47,32.09,2.21,2
106.45,1.18,41.42,1.21,1
163.78,0.68,12.0,2.92,2
92.27,0.76,21.15,1.82,2
176.86,1.46,29.13,2.95,2
89.46,0.59,33.29,2.79,2
149.28,1.41,7.06,1.61,2
198.23,1.71,43.99,1.88,2
156.28,0.73,21.66,1.58,2
164.22,1.37,8.21,2.34,1
99.61,0.76,49.53,2.35,1
162.15,1.69,39.92,1.61,1
176.61,0.8,7.98,2.84,2
105.52,1.0,44.81,2.36,1
111.79,0.49,30.26,1.67,2
187.74,0.8,14.87,3.0,2
90.91,0.09,9.93,2.33,2
151.57,0.77,31.81,2.04,2
196.53,1.72,5.52,2.5,2
172.23,0.68,18.21,1.48,1
194.46,1.75,16.85,2.1,1
140.92,0.21,33.14,2.72,1
98.34,1.53,29.27,2.6,1
151.87,0.98,10.03,1.85,2
108.73,0.48,30.53,1.34,2
177.92,1.96,28.97,1.43,2
193.62,0.33,28.75,2.29,1
191.47,1.51,36.04,2.48,2
199.42,1.3,24.71,2.13,1
109.75,0.13,5.95,2.2,1
80.86,1.42,7.65,1.32,1
183.16,0.14,15.71,2.4,1
144.71,1.45,44.71,2.24,1
174.15,1.61,13.57,1.37,2
122.52,0.82,43.87,1.3,1
87.27,1.46,41.03,1.4,1
102.83,0.9,23.98,1.7,1
184.94,0.15,41.36,2.74,1
86.07,2.0,42.62,2.94,1
99.96,0.97,14.62,1.92,1
99.76,0.0,22.57,2.87,2
114.23,1.39,37.87,2.61,2
98.58,0.59,48.59,2.24,1
169.76,0.11,31.29,2.11,1
86.83,1.02,43.31,1.32,1
161.03,0.47,10.39,2.8,1
149.47,0.08,8.69,2.38,2
192.16,0.41,37.23,1.63,2
95.71,1.29,25.58,2.87,1
81.12,1.24,30.33,1.38,1
140.71,0.26,20.71,1.32,1
124.34,0.32,42.52,2.47,1
160.14,1.11,46.93,1.39,1
111.74,1.78,38.41,1.48,2
152.58,1.44,14.16,2.34,2
140.65,0.5,45.87,1.29,2
179.52,0.09,20.01,1.44,2
99.39,0.88,36.76,2.21,1
89.03,1.77,45.68,2.18,2
149.9,0.3,10.74,1.75,1
187.87,0.42,16.23,1.39,2
196.86,1.5,46.66,1.63,1
197.14,1.62,44.66,1.24,2
173.89,0.82,35.15,2.52,1
112.02,1.57,9.86,2.77,2
106.69,1.63,25.71,1.75,1
106.75,1.32,22.93,1.7,1
196.03,0.56,33.87,1.92,2
192.71,0.23,48.67,1.52,2
84.59,1.19,20.56,2.62,2
152.75,1.02,22.33,2.24,2
85.33,0.87,28.4,2.65,1
123.71,0.14,34.89,1.79,2
159.61,0.25,45.5,2.11,2
119.14,1.39,29.95,1.55,2
161.28,1.81,32.7,1.74,1
116.46,0.42,40.36,2.29,2
135.8,0.88,14.62,2.05,1
159.06,0.57,34.87,2.31,1
178.21,1.5,35.28,1.6,1
97.68,0.09,49.28,2.3,1
134.65,1.77,30.91,2.49,2
139.33,0.49,34.52,1.21,1
173.41,0.44,41.18,2.45,2
86.03,0.5,43.18,2.02,2
160.11,1.98,31.8,2.91,2
153.52,1.44,27.72,2.7,2
187.66,1.49,26.36,1.67,1
180.78,0.55,40.0,2.07,1
112.95,0.15,17.86,1.69,2
187.16,0.16,11.79,1.89,1
164.77,0.13,23.34,2.18,2
87.47,1.67,22.53,2.59,1
182.81,1.53,22.12,1.21,2
115.83,0.78,45.12,2.7,1
138.59,0.55,26.85,1.9,2
166.9,1.68,46.38,2.97,1
188.83,1.18,34.83,1.35,2
96.28,0.92,7.26,1.88,1
134.56,0.68,44.58,1.7,2
110.27,0.16,5.87,2.17,2
106.91,0.14,48.08,1.27,1
193.95,0.4,5.92,1.47,1
136.83,0.23,47.65,2.04,2
172.03,0.34,32.33,2.55,1
173.34,0.33,19.0,2.24,2
149.1,1.82,21.89,2.89,1
89.12,1.38,33.23,1.38,2
182.04,1.2,10.45,2.97,1
121.66,0.86,21.68,2.11,2
81.52,0.84,27.06,1.98,2
156.27,1.66,36.83,1.98,2
153.91,1.84,39.86,2.04,2
118.68,0.49,47.06,1.7,2
109.26,0.93,32.46,1.88,1
139.32,0.65,26.94,1.84,2
120.84,1.76,36.55,1.7,1
142.0,0.38,15.86,1.93,1
162.87,1.29,27.09,2.63,1
115.31,0.81,15.95,2.4,2
136.79,1.06,24.15,2.54,2
122.22,0.91,18.8,1.61,1
117.87,1.49,47.79,2.44,1
105.97,0.97,37.61,2.96,2
197.66,1.67,18.33,1.85,2
81.7,1.07,17.34,2.95,2
163.69,0.25,44.08,2.08,1
148.89,0.94,24.82,1.53,1
110.3,1.72,10.13,1.32,2
88.89,1.26,7.41,1.47,2
90.22,0.5,30.11,1.95,1
173.08,0.76,45.88,1.74,2
116.65,1.24,32.43,2.53,1
155.06,0.53,8.65,1.63,1
98.78,0.82,36.02,2.05,1
107.78,1.41,36.63,2.02,1
190.87,1.58,33.13,2.39,1
131.02,1.09,34.14,2.84,1
88.57,0.33,18.84,2.55,2
132.7,0.94,18.68,1.92,2
140.06,0.99,8.62,1.27,2
168.14,1.21,6.16,1.61,1
199.95,1.34,17.13,1.27,1
136.46,1.3,46.22,1.53,2
156.17,0.98,9.11,1.83,2
118.53,0.21,12.24,1.94,2
114.59,1.89,41.61,2.19,2
90.57,0.5,10.22,2.59,1
158.92,1.09,23.6,1.54,2
154.72,1.0,24.89,1.29,2
145.91,1.86,24.72,2.46,1
83.46,1.26,40.97,2.48,2
146.1,1.1,9.19,2.99,1
135.37,0.23,42.45,2.1,2
141.06,0.55,42.56,2.96,1
134.81,0.29,13.58,2.28,1
183.68,0.55,40.55,1.95,2
178.47,0.57,18.44,2.26,2
183.83,0.89,26.8,1.8,2
134.64,0.64,13.49,2.46,2
108.03,1.55,6.96,2.54,2
126.33,1.33,41.93,2.97,2
195.78,0.25,48.44,1.8,1
184.9,0.88,28.67,2.02,1
129.2,1.31,11.95,2.05,2
120.63,1.39,34.24,2.73,2
194.5,1.25,44.93,2.08,1
154.1,0.47,35.8,1.72,1
169.61,0.87,9.43,2.34,1
133.24,1.39,45.65,1.28,1
115.2,0.75,11.55,2.16,1
100.4,0.16,44.19,2.32,1
139.72,1.17,15.45,2.35,2
110.64,0.02,41.21,2.82,1
88.86,1.89,49.44,1.74,2
162.84,0.91,18.6,3.0,2
92.8,0.76,21.15,1.73,2
82.63,1.66,22.81,1.21,1
189.27,1.49,42.48,2.83,1
152.85,0.7,33.65,2.32,1
155.39,1.81,34.09,1.76,2
84.0,0.73,10.91,2.84,2
169.7,0.35,10.95,2.17,2
143.7,1.83,42.37,1.66,2
196.09,0.59,44.17,2.65,2
195.55,0.28,48.49,2.75,2
196.07,1.61,21.46,2.62,1
111.74,0.25,21.59,2.55,2
150.15,1.64,47.31,1.4,1
136.58,1.24,47.44,1.79,1
157.72,1.27,25.89,2.46,2
94.0,0.09,6.67,2.99,1
91.66,1.77,11.1,2.02,2
150.48,1.45,44.84,2.38,2
153.88,1.88,17.59,2.44,1
133.21,1.9,43.5,1.38,2
145.34,1.96,21.14,1.92,1
196.18,1.9,42.09,1.37,1
157.0,1.19,5.96,2.62,1
198.66,1.57,14.23,2.69,1
150.37,1.63,15.48,2.59,1
113.27,1.97,49.44,2.17,1
93.19,1.73,10.93,1.84,1
150.66,0.03,16.94,1.43,2
143.13,1.49,26.43,2.6,1
134.24,0.44,32.68,2.51,2
134.97,1.93,7.74,2.06,2
131.15,0.22,37.06,2.0,1
118.65,0.3,10.68,2.32,2
125.71,1.19,18.27,2.11,2
91.9,1.4,43.38,2.37,1
131.61,1.78,23.62,2.69,2
129.92,0.19,24.2,2.4,2
194.43,1.37,26.34,1.36,1
91.19,0.19,38.25,2.66,1
150.38,1.12,19.83,1.42,2
184.83,1.88,24.03,2.85,1
196.21,1.2,20.82,2.24,1
98.57,0.96,43.13,1.83,2
93.79,0.56,15.18,1.97,1
153.08,1.32,36.21,1.25,2
164.32,0.62,20.29,1.21,1
147.96,0.8,11.38,2.34,1
91.01,1.06,21.93,2.02,1
124.41,1.44,39.96,2.22,1
186.0,0.31,38.95,1.29,1
112.65,1.32,26.85,2.0,2
105.87,1.02,20.53,1.4,2
143.23,0.62,14.92,2.97,1
80.92,0.6,14.51,1.45,2
114.73,0.24,27.38,1.98,1
125.62,1.41,27.51,2.7,2
88.65,1.72,6.9,1.23,1
183.45,1.15,30.8,2.48,2
114.74,0.81,48.48,1.51,2
179.84,1.84,8.97,2.72,1
132.28,0.8,8.54,2.77,2
106.59,1.56,8.44,2.34,1
188.71,0.7,37.73,2.67,1
108.35,0.29,13.88,2.28,1
101.26,1.55,27.24,2.56,2
161.74,1.76,33.93,2.98,2
183.71,1.25,11.79,1.32,2
155.77,1.59,31.61,1.83,1
117.25,0.9,7.56,2.7,1
157.36,1.95,9.06,2.27,2
135.53,1.11,40.63,2.81,2
189.09,1.14,13.47,2.29,1
194.93,0.9,41.49,2.71,1
140.55,0.35,16.15,1.99,2
142.89,1.22,21.38,2.85,2
129.05,0.68,31.9,2.62,2
87.91,0.19,35.53,1.71,1
120.0,1.17,11.36,1.83,2
95.47,1.42,8.81,2.21,2
177.58,1.34,42.3,2.53,1
157.52,0.85,21.28,1.85,1
194.14,0.68,39.48,1.55,1
98.59,0.59,40.47,2.11,1
159.43,1.75,32.81,2.28,1
99.47,1.66,39.7,2.66,1
166.54,0.09,21.39,2.5,2
153.27,1.5,40.27,1.62,1
117.14,1.62,26.11,2.7,2
161.4,1.14,24.83,2.58,2
140.35,0.84,12.29,1.56,1
184.76,0.1,26.63,1.87,1
165.37,1.03,10.61,1.35,1
112.73,1.81,11.63,1.99,1
178.0,1.77,46.87,1.95,2
140.24,0.47,49.75,1.87,1
118.24,0.2,37.16,1.8,1
96.51,0.57,42.34,2.45,1
171.06,0.94,32.69,2.83,1
110.71,1.67,29.7,2.51,2
93.34,0.58,18.55,1.29,2
156.67,1.25,7.83,2.71,2
151.61,0.03,28.19,1.64,1
114.95,0.0,20.88,2.23,1
159.72,0.17,48.86,1.32,1
126.85,0.94,33.61,2.97,2
169.68,0.71,8.04,1.63,1
172.58,1.47,19.96,1.28,2
177.62,0.35,40.06,2.04,2
155.81,1.62,7.84,2.6,2
84.44,0.4,40.6,2.79,2
192.0,1.03,49.51,2.18,2
84.39,1.29,17.87,2.75,1
183.9,0.66,10.6,1.86,2
169.2,1.79,22.4,2.95,2
163.05,0.73,40.88,1.68,1
167.25,0.16,32.11,2.68,2
118.55,0.16,34.74,1.75,2
100.0,0.89,25.12,2.51,2
153.78,0.87,33.78,2.62,1
89.0,1.28,21.35,2.64,1
194.33,0.29,32.34,2.61,1
95.15,0.47,34.03,1.85,1
152.61,1.36,47.7,1.87,1
148.87,1.06,22.91,2.37,1
195.26,0.05,13.37,2.13,1
111.41,0.52,25.08,2.99,2
163.28,2.0,14.01,1.44,1
134.25,1.8,25.03,1.36,2
160.14,1.42,29.75,1.72,2
182.16,1.42,46.73,2.35,2
141.05,0.24,14.04,1.45,2
83.15,1.11,21.6,2.65,1
153.43,0.17,18.92,3.0,2
143.08,1.54,42.05,1.33,2
157.08,0.9,35.6,1.82,1
172.13,0.26,27.63,2.76,1
142.17,0.61,12.29,2.88,1
121.52,1.88,45.27,2.72,2
103.56,1.91,17.35,2.33,1
140.31,0.34,47.37,1.48,2
181.1,1.13,42.14,1.25,1
193.83,1.54,16.91,1.58,2
154.17,0.06,45.0,2.18,2
137.95,1.61,35.82,1.74,1
162.63,0.32,23.7,2.04,2
152.8,0.63,37.33,2.52,2
197.04,0.26,21.67,2.21,2
109.01,0.25,25.23,1.45,1
114.83,0.77,32.69,1.65,1
177.62,1.87,37.45,1.54,1
139.79,1.03,27.44,1.76,1
90.81,0.79,25.58,1.63,2
85.84,0.56,31.89,2.72,2
114.29,0.02,9.84,1.44,2
167.3,1.53,21.47,1.92,1
123.5,0.58,22.39,2.01,2
179.04,1.25,32.5,1.43,1
127.27,1.59,20.26,2.89,1
103.89,1.02,27.5,1.28,1
165.63,1.61,28.37,1.47,1
119.36,1.23,12.31,2.98,2
151.25,1.01,27.94,2.08,2
136.99,0.03,19.91,1.4,2
150.04,1.59,37.64,2.44,1
151.63,0.53,34.5,2.95,1
166.57,1.17,12.67,2.33,2
97.73,1.36,6.42,2.91,1
102.89,0.88,23.85,1.94,1
129.25,1.55,46.42,2.77,1
164.69,1.04,30.24,3.0,2
143.06,0.63,12.79,2.84,2
145.55,1.35,44.04,2.43,2
153.21,0.38,16.09,2.2,1
192.98,1.96,39.7,2.47,2
118.04,0.7,47.02,2.63,2
114.53,1.15,29.44,2.81,2
178.21,1.91,41.21,1.72,2
194.64,0.16,46.58,2.38,2
105.68,1.66,17.2,2.21,2
96.47,1.23,31.41,1.64,1
156.55,0.1,23.6,2.49,1
161.74,0.27,48.4,2.96,1
128.83,1.87,44.53,2.06,1
170.71,0.57,17.84,1.31,1
158.28,0.46,38.24,2.73,1
189.59,0.35,44.7,1.52,1
199.66,0.79,27.29,2.89,2
185.21,0.02,30.56,1.39,2
114.15,1.98,29.45,2.09,1
182.13,0.94,13.68,1.4,1
167.73,1.3,37.34,1.23,2
174.89,1.14,39.08,1.52,2
179.24,1.03,8.9,2.4,1
197.8,0.95,47.11,1.21,2
108.26,1.51,47.93,1.74,1
111.39,0.72,15.63,2.4,2
116.82,0.81,27.61,2.81,2
162.83,1.28,47.33,1.86,1
106.3,0.27,11.89,2.55,2
129.9,1.1,26.19,2.17,1
171.42,1.36,31.81,2.62,2
143.38,0.72,46.28,1.4,1
148.72,0.3,19.77,2.14,1
161.64,1.43,27.0,2.82,2
177.04,0.91,28.1,2.02,1
147.06,1.35,18.87,1.24,2
177.97,1.49,31.02,1.28,2
164.05,1.08,7.71,2.81,2
83.81,0.82,39.6,2.58,2
124.94,1.78,25.18,2.85,2
125.08,1.37,34.78,2.17,2
94.24,1.99,22.69,1.43,1
180.18,1.51,49.03,2.03,2
143.83,1.65,16.14,1.82,2
102.62,1.75,39.45,1.26,2
153.79,1.87,45.01,1.63,1
92.11,0.07,31.9,2.47,1
109.37,0.09,24.75,2.17,1
96.82,1.99,15.54,2.85,2
149.3,1.55,41.83,1.63,1
198.28,1.04,23.61,1.7,1
155.12,0.85,27.3,2.95,2
174.3,0.64,23.73,1.47,2
102.07,1.08,15.84,1.61,1
176.69,1.83,30.31,2.94,1
126.61,0.51,19.86,1.34,2
181.66,0.18,37.61,1.54,2
125.26,1.21,6.78,1.33,1
137.53,1.74,19.98,2.92,1
105.42,0.38,38.37,2.54,2
189.73,1.39,36.67,1.91,1
146.25,1.55,22.13,2.16,2
117.01,0.72,44.73,2.04,2
171.4,0.64,14.14,1.76,1
147.5,0.44,11.57,1.67,2
115.42,0.39,15.35,2.23,1
139.92,1.31,35.82,1.66,2
195.98,1.28,27.08,1.5,2
100.31,1.44,26.97,2.85,1
142.87,1.68,8.34,2.67,1
171.72,0.82,42.91,1.62,1
81.1,1.01,21.79,2.31,2
159.11,0.03,28.95,1.94,1
143.53,0.55,48.99,1.23,2
176.74,1.82,9.82,1.37,1
108.92,1.24,16.36,1.84,2
89.48,1.92,25.65,1.64,1
116.0,1.66,8.63,2.99,1
91.22,0.76,29.87,1.3,1
164.34,0.17,43.04,2.36,2
147.9,1.72,9.29,2.15,1
107.57,1.8,36.15,2.22,2
85.59,0.15,46.65,2.82,1
101.52,1.7,5.7,1.57,1
170.27,1.43,22.92,1.34,1
147.67,1.13,43.22,2.42,2
126.06,1.48,40.57,2.44,1
140.1,1.95,7.42,1.99,1
120.87,1.54,47.97,1.91,2
83.56,0.55,49.67,2.08,2
146.36,0.75,13.36,2.25,2
90.28,1.24,40.91,2.48,1
112.16,0.76,40.28,1.48,2
118.0,0.21,5.23,1.75,2
171.36,0.2,8.93,1.98,2
92.4,0.18,29.94,2.27,2
183.65,0.02,23.62,2.6,1
148.64,0.34,22.13,1.45,2
112.21,0.29,12.52,1.7,2
138.11,0.15,16.33,1.64,2
151.26,0.39,9.81,1.75,2
119.87,1.24,41.18,1.79,2
131.67,1.65,34.3,2.27,2
118.48,1.89,14.04,1.77,2
196.25,0.58,36.27,2.08,1
119.11,0.56,40.36,1.86,1
151.07,1.09,35.68,2.19,2
193.16,0.42,40.9,2.7,1
178.28,1.59,23.41,2.1,2
109.04,1.32,37.19,2.62,1
133.89,1.2,31.2,2.16,2
145.24,1.58,21.18,2.81,1
93.12,0.5,34.91,1.5,1
147.59,1.29,34.1,2.94,2
195.89,0.86,5.47,1.67,1
133.49,0.78,39.76,2.26,1
121.4,0.05,9.7,1.95,1
93.93,1.88,11.38,1.76,2
174.11,1.04,20.67,1.38,2
118.27,0.6,41.46,1.41,2
157.76,1.35,12.4,2.97,1
141.92,1.1,19.89,1.97,2
107.82,0.81,13.3,2.35,2
127.47,1.47,44.74,2.01,2
126.66,1.41,14.26,2.55,1
149.28,1.6,29.16,1.86,1
134.91,0.52,43.82,2.15,2
151.64,1.22,31.42,1.83,2
154.08,1.63,36.77,1.74,1
160.65,0.63,15.74,1.41,2
163.21,1.02,23.82,1.45,2
130.76,0.97,29.18,2.85,1
146.59,0.98,11.31,1.77,2
154.33,1.73,47.83,2.07,1
177.83,1.93,27.74,2.09,2
129.88,1.68,26.99,1.35,1
175.51,0.44,6.47,1.6,2
100.19,0.91,38.41,2.58,1
148.73,0.54,29.44,2.98,1
171.2,0.88,14.83,1.97,1
115.73,2.0,25.24,1.83,1
132.69,1.99,39.9,1.63,2
183.33,1.22,24.27,2.31,1
177.62,1.61,30.65,2.16,1
118.84,1.41,18.02,1.68,1
96.27,1.5,23.52,1.31,2
184.05,0.25,43.97,1.65,2
179.42,1.52,35.43,2.08,2
155.34,0.75,8.4,2.63,1
128.34,1.5,36.26,2.78,2
194.03,0.65,5.11,2.59,1
167.71,0.92,34.89,1.84,1
175.48,0.8,48.57,2.68,2
112.22,1.66,20.2,2.24,2
174.6,1.79,39.3,1.28,2
81.95,1.86,12.11,2.02,2
104.28,1.38,10.94,2.37,1
184.93,1.75,9.2,1.85,1
124.62,1.81,12.45,1.91,2
167.12,1.51,24.32,1.36,1
80.13,0.95,10.97,1.61,2
81.11,1.39,41.77,2.98,2
163.28,0.96,15.3,1.36,1
92.38,0.74,18.47,1.89,1
156.99,1.35,8.08,2.21,1
132.81,1.44,33.26,1.47,2
153.93,0.88,14.78,2.81,1
170.29,1.18,22.28,2.93,2
174.93,0.5,34.01,1.65,2
173.48,1.38,43.16,2.39,2
104.65,1.21,13.49,1.91,1
174.06,1.59,15.77,1.89,1
139.95,1.19,28.77,2.96,2
192.07,0.26,43.74,2.22,2
145.56,0.35,26.2,2.98,1
82.0,0.14,16.8,1.27,1
193.84,0.8,17.89,2.48,2
130.83,0.8,33.82,2.17,1
113.3,0.62,28.01,1.57,1
144.37,0.78,33.54,2.7,1
117.22,0.87,47.9,1.63,1
90.35,0.87,25.4,2.3,2
159.93,1.32,12.9,1.22,1
164.18,0.33,47.89,2.14,2
100.04,0.25,40.15,1.68,1
172.57,0.06,41.32,1.69,1
111.55,1.95,33.24,2.09,2
86.65,1.72,12.51,1.48,1
187.31,1.35,10.19,2.53,1
85.28,1.73,16.0,2.05,2
190.43,0.36,48.22,1.26,2
106.94,0.5,46.21,1.78,1
148.58,0.24,35.3,1.29,1
176.52,1.96,47.93,1.32,2
183.92,1.55,18.98,1.36,2
80.96,0.4,30.37,1.75,1
135.67,1.18,27.2,2.59,1
167.9,1.09,40.82,1.47,2
82.87,1.08,33.62,2.45,1
194.12,0.0,34.58,2.73,2
92.47,1.06,15.72,2.09,1
196.71,0.28,17.59,1.28,1
187.67,1.04,36.54,1.87,1
149.69,1.01,33.67,1.91,1
132.2,1.93,15.65,1.67,2
191.13,0.79,42.44,1.79,2
112.63,0.15,14.12,2.6,1
98.65,0.33,25.97,1.93,2
195.76,0.42,18.87,1.68,1
90.85,1.62,18.69,2.47,1
105.8,1.71,11.67,2.48,2
127.55,0.1,18.45,2.68,1
83.73,0.81,25.35,2.55,1
91.37,0.2,40.72,1.42,1
179.64,1.97,10.88,2.68,2
162.35,1.88,8.78,2.26,1
82.62,0.13,45.61,2.0,1
91.04,1.69,41.4,1.42,2
86.08,1.85,24.49,2.5,2
83.54,1.37,12.78,1.59,1
113.0,0.89,11.69,2.31,1
157.67,1.0,44.73,2.06,1
113.57,0.27,13.98,2.79,1
155.69,1.6,40.77,2.98,2
137.56,1.56,20.48,2.22,2
126.61,0.36,19.35,1.59,2
87.03,1.98,28.82,2.58,1
196.88,0.2,34.56,1.68,1
171.69,1.9,30.91,2.97,2
122.58,1.68,43.03,1.52,2
176.75,1.4,46.13,1.25,2
193.71,1.13,30.34,1.54,2
145.05,0.35,6.71,1.3,1
82.39,0.96,19.93,2.31,1
120.89,0.35,41.11,2.76,1
82.63,1.17,46.28,2.59,2
195.27,0.75,47.39,1.91,1
120.39,0.65,48.91,2.52,2
175.02,1.92,34.21,1.51,2
106.79,1.18,12.89,1.75,2
95.28,1.46,47.7,2.91,2
182.09,1.54,30.54,1.53,2
190.52,1.94,14.94,2.22,2
96.88,1.49,15.71,2.97,1
156.34,1.93,41.97,2.41,2
133.6,0.53,16.23,1.32,2
174.44,1.44,7.17,1.99,2
196.29,1.77,27.19,1.88,2
92.17,0.96,43.88,2.37,1
99.52,0.15,43.06,1.73,2
111.34,0.21,20.38,2.8,1
167.84,1.09,45.42,1.37,2
164.54,0.86,34.41,2.29,2
98.85,0.2,14.25,1.54,2
159.27,0.59,9.32,1.91,2
98.43,0.72,24.24,1.73,2
103.96,0.05,12.69,1.73,1
136.83,0.23,40.32,2.05,2
90.94,1.09,13.32,2.79,2
102.39,0.09,24.79,1.67,2
147.71,0.3,36.34,1.37,2
176.98,0.83,39.04,1.61,1
180.9,1.64,23.84,2.16,2
148.73,0.47,18.45,1.91,1
140.25,1.8,41.02,2.42,1
94.43,1.51,12.78,2.97,1
177.02,0.25,24.05,2.98,2
104.23,1.65,11.65,2.27,2
189.3,1.83,8.02,1.9,2
146.25,1.71,28.39,2.85,1
174.39,1.25,28.52,1.96,2
97.96,1.13,31.22,2.94,1
190.99,1.13,9.54,1.71,2
185.35,0.53,34.47,2.23,2
84.5,0.55,11.47,2.3,2
84.65,1.78,19.92,1.63,2
190.5,1.79,5.91,2.67,2
117.31,1.69,43.62,2.43,1
96.13,1.95,24.94,2.69,2
167.46,1.21,9.02,2.0,2
168.91,1.52,44.02,2.68,1
87.87,1.42,23.15,2.6,1
100.85,1.75,14.03,1.3,1
134.77,1.84,36.71,1.69,2
140.62,1.27,10.57,1.26,2
138.65,0.89,48.22,2.05,2
121.31,1.68,16.64,2.7,1
114.21,0.77,12.33,2.23,1
182.85,1.29,35.5,1.68,2
141.59,1.73,48.52,2.43,2
189.38,1.29,32.05,1.22,2
153.0,1.89,37.07,2.48,2
130.86,0.75,20.69,1.65,2
116.26,1.04,33.06,2.25,1
141.38,1.32,42.95,1.87,2
115.82,0.22,7.87,2.98,2
183.38,0.52,37.0,2.81,2
102.6,1.03,15.81,1.3,2
159.26,1.36,37.46,2.38,2
111.13,0.84,22.47,1.26,1
121.18,1.43,35.88,2.35,2
188.78,1.34,27.83,2.72,1
115.25,0.94,38.34,2.51,1
193.63,1.8,34.45,1.6,1
169.31,0.61,40.46,1.8,2
150.27,0.93,10.3,1.3,1
136.67,0.39,10.39,2.43,2
129.57,1.74,11.79,2.99,2
129.1,1.14,45.8,2.02,2
183.49,0.36,8.64,1.8,1
117.61,0.12,25.34,1.58,1
149.15,0.32,40.33,2.6,1
153.74,1.27,23.15,2.94,2
80.56,1.07,37.88,2.91,2
170.82,1.06,5.81,1.21,1
107.15,1.75,19.04,1.38,2
100.04,1.65,18.42,1.72,2
132.04,1.37,11.02,2.99,2
123.11,0.38,47.66,2.85,2
82.29,0.45,49.32,1.58,1
150.76,0.34,21.5,2.37,1
125.02,1.28,39.71,2.32,1
159.44,1.31,5.89,2.44,2
133.32,0.25,16.37,2.46,1
163.42,1.26,18.55,2.39,2
154.74,1.4,23.85,2.82,1
113.92,1.57,27.4,2.3,2
179.78,1.95,21.11,1.94,1
84.73,0.99,14.35,2.88,2
108.14,0.03,9.01,1.4,2
97.9,0.18,28.03,2.5,1
188.57,1.29,25.55,2.96,2
135.71,0.2,12.86,1.27,2
123.23,1.35,24.17,1.41,1
81.16,0.28,34.12,1.79,2
194.61,0.54,37.99,1.87,2
101.94,0.8,48.3,1.69,2
162.79,0.96,23.98,2.8,1
93.57,1.39,7.64,2.9,1
92.45,1.82,26.72,2.22,2
101.75,0.76,21.14,1.25,1
137.97,0.98,44.94,1.99,1
111.39,0.63,36.71,2.42,1
197.35,1.34,20.22,2.14,1
131.94,1.45,26.69,2.39,2
97.84,1.65,45.14,2.3,1
157.21,0.31,43.2,2.73,1
88.98,0.98,15.84,2.95,1
140.83,1.1,22.04,2.67,1
135.09,1.6,25.16,2.74,2
117.93,1.96,38.54,1.23,2
129.48,1.11,5.01,1.36,2
186.81,1.12,34.46,2.02,2
123.6,0.11,15.03,2.02,2
166.0,0.73,25.36,1.38,1
80.26,0.71,33.51,2.64,2
164.25,0.09,12.39,1.45,2
92.84,1.22,13.44,2.87,2
105.87,1.65,13.58,1.81,2
85.58,1.27,35.25,1.42,2
134.89,1.18,27.69,2.93,1
143.64,0.1,47.09,2.71,2
190.92,1.56,45.96,2.45,1
167.66,0.26,22.43,2.28,2
140.49,0.77,49.08,2.85,1
112.83,1.93,48.67,2.02,1
96.58,1.21,44.89,2.12,2
165.42,1.87,33.47,1.56,2
162.39,1.84,10.97,2.48,1
140.47,1.39,19.51,1.41,2
147.47,1.17,47.42,2.48,2
185.3,0.84,5.57,1.39,2
97.44,1.34,14.0,2.55,1
198.02,1.37,11.59,1.31,2
104.48,1.08,21.14,2.01,1
169.09,1.12,15.69,2.61,2
163.15,0.09,22.17,1.95,2
195.9,0.11,38.47,1.57,2
179.6,1.82,36.71,2.37,1
173.14,1.93,18.24,1.52,1
102.44,0.35,28.12,1.88,2
113.49,0.53,12.24,2.72,1
119.67,1.42,11.97,1.48,2
151.63,1.55,33.14,2.72,2
138.87,1.15,21.11,2.61,2
143.05,1.91,28.43,2.62,1
129.91,1.07,9.14,1.6,1
159.6,0.66,18.21,2.91,2
199.6,1.65,49.15,1.22,2
133.48,1.81,32.62,2.32,1
161.91,0.64,46.22,2.9,2
110.79,1.45,6.11,2.13,2
141.72,1.02,26.91,1.73,1
118.44,0.16,9.32,2.95,1
155.23,0.42,33.33,1.58,2
180.28,0.41,42.29,2.78,2
157.59,1.88,38.61,1.48,2
166.02,0.08,8.3,1.52,2
146.97,1.15,15.24,1.67,2
134.14,0.81,19.24,1.9,1
144.18,1.28,32.83,2.56,1
164.11,0.15,46.76,1.39,2
152.79,0.56,46.7,1.89,1
136.88,1.07,11.14,1.9,2
195.22,0.29,35.48,2.85,2
194.89,0.02,44.36,1.45,1
80.6,1.19,29.17,2.9,2
105.21,1.48,37.67,1.58,1
99.31,0.44,42.56,1.55,1
160.52,1.13,7.45,2.55,2
157.36,0.15,35.23,1.65,1
167.07,0.97,19.89,1.43,1
92.01,1.24,45.51,1.77,2
119.4,1.32,36.21,1.47,2
176.92,1.92,12.59,1.76,1
165.46,1.28,17.45,1.85,2
185.35,0.93,21.14,1.75,1
101.09,1.21,42.88,2.75,1
186.96,0.39,38.01,2.33,1
187.05,1.7,33.42,2.66,2
172.3,0.43,6.65,1.67,2
158.47,0.3,22.66,2.8,2
96.07,1.0,9.07,1.85,1
159.52,1.7,41.29,2.31,1
170.86,0.28,12.17,2.22,1
168.31,0.97,21.15,1.59,2
107.81,0.53,15.53,2.4,2
126.57,1.84,44.67,1.27,2
92.39,1.94,33.51,1.69,2
149.44,1.14,21.95,1.88,1
142.0,0.75,45.83,2.13,2
178.07,0.69,40.67,2.8,1
140.22,0.28,12.45,1.34,2
105.38,0.37,21.3,2.49,1
159.33,0.83,19.86,1.4,2
137.48,1.18,34.13,1.94,1
85.18,1.15,12.25,2.33,1
186.9,0.29,12.49,2.86,2
151.92,1.13,5.84,2.5,2
193.67,0.43,32.29,2.05,2
100.47,1.66,32.04,2.63,1
154.79,1.02,12.55,2.43,2
151.58,0.14,22.02,1.44,1
104.28,1.72,27.7,1.96,1
152.66,0.35,45.57,2.28,1
91.18,1.32,45.59,2.17,1
187.64,1.55,34.22,2.14,2
184.98,1.4,24.3,2.89,2
174.75,0.76,31.51,2.53,1
131.06,0.51,39.46,2.84,1
113.99,1.75,23.39,1.54,1
149.36,0.24,5.32,2.38,2
129.06,0.21,24.17,2.25,2
182.6,0.85,21.45,1.7,2
170.6,0.83,40.27,2.07,2
147.09,0.97,49.48,2.24,2
168.29,1.71,34.67,2.55,2
173.97,1.9,9.51,2.12,2
176.1,1.23,35.81,1.29,2
195.75,0.01,9.1,1.46,2
90.58,0.53,21.69,2.3,2
191.68,0.8,34.53,1.72,1
193.49,1.64,33.81,1.99,1
182.07,1.86,28.32,1.55,1
153.82,1.35,21.19,2.38,1
90.42,0.55,22.97,2.41,2
150.33,1.04,38.16,1.32,1
145.95,1.45,30.16,2.25,2
195.59,0.55,32.29,1.55,2
148.99,0.52,23.32,1.39,1
140.38,0.68,10.27,2.12,2
185.13,1.63,30.87,2.45,2
147.58,1.54,39.09,2.93,2
161.79,1.79,43.79,2.07,2
88.11,1.27,49.74,2.42,1
176.02,0.82,20.89,2.16,2
109.79,0.19,35.32,2.68,1
146.55,0.36,19.12,1.59,2
101.93,1.49,46.86,1.54,1
108.18,0.48,16.94,1.61,1
180.36,0.71,40.05,1.42,1
161.1,1.33,32.62,2.58,1
181.76,0.74,19.19,2.82,2
138.9,1.97,46.22,1.7,1
170.02,0.26,28.66,1.96,1
140.3,0.79,35.89,1.51,1
163.79,0.92,36.01,1.22,1
125.53,0.2,21.27,2.75,1
145.83,0.47,26.21,2.3,2
102.07,0.85,23.86,2.55,2
182.52,0.56,13.1,1.44,1
177.7,1.44,41.18,2.2,2
103.53,1.6,38.23,2.05,1
101.19,1.0,49.8,2.73,2
174.24,0.6,30.3,2.22,2
91.88,0.33,14.7,1.66,1
133.98,0.67,21.24,2.21,2
121.3,0.82,20.8,2.42,1
149.22,1.3,29.23,2.96,2
122.61,1.35,26.94,2.53,1
125.73,0.57,33.43,1.46,1
156.87,1.86,23.98,2.3,2
181.87,0.14,12.29,1.61,2
158.36,1.42,32.24,1.91,2
173.72,1.88,38.66,2.14,2
129.68,0.37,6.04,2.51,2
192.85,1.4,8.6,1.5,1
91.47,1.87,26.29,1.3,2
142.88,1.99,9.68,2.31,1
158.58,1.77,18.92,1.65,2
133.18,0.25,28.7,1.51,1
159.63,1.72,19.63,2.06,2
145.83,0.27,47.68,2.17,2
155.73,1.27,30.38,2.14,2
189.07,0.96,15.22,1.36,2
123.89,0.52,18.66,1.2,1
121.27,0.94,5.37,2.86,2
115.95,1.53,40.91,2.27,1
145.79,0.38,44.7,1.99,1
99.59,1.47,22.54,1.88,2
89.51,1.25,28.25,2.64,2
114.16,1.49,41.4,1.94,1
101.89,0.58,33.66,2.31,2
164.06,0.98,19.43,1.47,1
102.31,0.2,17.11,2.49,1
107.94,0.3,27.21,1.82,2
174.29,1.0,21.71,2.45,1
119.63,1.69,47.82,1.3,2
88.57,0.94,13.65,2.71,2
179.39,0.24,39.57,1.65,2
109.66,1.99,13.96,2.52,1
142.54,1.96,26.28,2.43,2
192.35,0.32,37.77,2.54,1
110.4,1.28,13.94,2.8,1
196.79,0.47,24.54,1.23,2
150.16,0.79,15.94,2.94,2
162.61,0.31,39.69,1.65,2
90.97,1.24,46.89,2.99,1
87.17,1.29,36.56,2.62,1
138.54,0.63,30.13,2.36,2
176.66,0.88,13.68,2.44,2
166.93,0.5,6.78,2.47,2
145.13,0.98,30.5,2.18,2
167.89,0.55,42.41,2.85,1
88.27,0.31,18.31,1.67,2
134.49,1.55,27.77,2.52,1
154.37,0.73,32.91,1.78,1
158.99,1.08,22.44,2.14,2
171.89,0.31,17.74,1.94,2
93.26,1.05,8.0,2.7,1
101.44,0.06,9.82,1.54,1
148.52,1.67,34.61,2.15,2
85.89,0.44,37.3,1.22,1
158.69,1.86,42.44,2.04,1
123.31,1.49,45.07,2.68,1
178.84,0.53,6.83,1.33,2
89.35,0.43,28.38,1.38,1
143.8,0.38,28.68,1.65,1
147.01,1.12,38.57,2.58,2
160.94,1.41,24.22,1.39,1
146.0,1.01,34.59,2.16,2
192.02,1.8,29.75,2.99,2
129.48,1.27,42.18,1.78,1
147.58,0.43,39.46,2.87,2
123.2,0.9,48.19,1.2,1
197.95,1.19,28.29,2.99,2
80.79,1.97,14.67,1.77,2
190.29,1.02,30.68,2.23,1
84.53,0.71,11.23,1.86,1
107.96,1.62,9.14,1.92,1
168.11,1.45,40.68,1.51,1
151.43,0.6,37.89,2.24,1
173.61,1.84,20.05,2.78,2
129.98,1.74,44.14,1.61,1
156.07,1.26,7.44,2.14,2
144.79,0.3,27.61,1.6,1
160.84,1.99,48.7,2.56,1
106.65,0.58,22.74,1.44,1
137.1,1.49,29.67,1.67,2
140.22,1.55,10.87,1.44,1
138.54,1.3,13.82,2.31,1
109.08,0.53,24.35,2.43,1
93.5,0.83,21.44,1.54,2
151.27,0.05,18.72,2.98,2
154.78,0.88,46.59,1.62,2
98.72,1.46,8.86,2.53,1
193.87,1.85,44.09,2.68,1
121.19,1.61,18.73,2.05,2
105.08,1.08,14.17,2.14,2
145.86,1.25,49.65,2.45,1
125.19,1.81,28.71,1.66,1
114.08,1.58,32.81,1.3,1
87.99,1.32,34.83,2.84,2
183.71,0.04,44.03,2.37,1
197.58,1.02,36.94,2.83,2
184.01,1.06,13.39,2.1,2
147.28,1.42,6.79,2.86,2
120.03,0.79,12.07,1.82,2
122.65,0.6,49.82,2.96,2
177.43,1.25,44.54,2.8,1
193.3,1.9,15.15,1.82,2
158.83,0.18,22.2,2.93,1
130.08,1.15,24.19,1.76,2
133.9,0.26,34.36,2.25,1
183.51,0.62,36.73,2.14,1
131.61,1.82,39.65,2.38,1
118.1,1.11,47.69,1.41,2
180.74,0.29,6.33,1.77,2
195.34,0.61,38.55,2.68,2
98.23,0.38,10.92,1.25,2
152.67,1.22,31.84,1.62,1
123.11,1.38,26.45,2.1,2
165.44,0.75,43.35,2.08,1
99.65,0.45,23.39,2.94,2
194.02,0.45,35.21,1.57,1
87.94,1.85,49.35,2.76,2
162.54,1.73,44.94,1.97,1
152.95,1.65,37.41,1.91,1
142.48,0.9,42.22,1.28,1
142.24,0.79,38.08,2.2,1
102.78,0.88,44.8,2.59,2
135.36,0.84,32.59,1.3,1
135.63,1.29,9.07,2.1,1
173.45,1.88,36.33,1.44,2
118.82,0.05,25.42,2.81,1
185.91,0.18,19.58,2.37,1
166.2,0.25,10.14,2.01,2
90.24,1.41,37.71,2.96,1
125.44,0.76,39.57,2.84,1
99.45,0.29,39.61,1.29,2
117.14,1.54,25.08,2.33,1
187.83,1.92,5.16,2.58,1
135.04,1.71,29.46,1.21,2
108.55,1.18,26.41,1.94,1
152.15,0.01,44.7,1.7,1
85.87,0.3,34.4,1.27,1
160.04,1.68,18.43,2.86,1
93.07,1.99,12.26,1.71,1
195.96,1.5,21.21,1.26,2
118.74,1.8,41.91,2.57,1
115.14,0.27,36.26,1.69,2
142.96,1.39,32.54,1.4,1
138.04,1.38,47.03,2.98,2
131.25,1.7,16.68,2.24,2
191.25,1.23,27.34,2.51,2
139.1,0.36,32.42,2.48,1
80.19,0.05,33.15,1.41,1
175.95,2.0,23.63,1.8,1
81.36,0.4,17.67,2.62,2
116.03,1.1,39.52,1.4,2
120.96,1.45,32.72,1.25,1
103.28,1.67,46.5,2.06,2
175.67,1.29,26.67,2.33,2
135.5,1.63,46.75,1.3,2
147.79,1.36,29.98,1.23,2
175.94,1.78,20.91,2.95,2
180.89,0.68,21.89,2.16,1
148.52,0.78,31.78,2.76,2
164.63,0.63,6.42,1.94,2
185.25,0.74,42.33,1.74,2
101.0,0.75,6.68,1.56,1
133.25,0.05,26.72,2.1,1
120.81,0.97,44.32,1.76,2
97.2,1.74,42.0,2.89,1
104.62,0.07,22.44,2.76,1
80.49,1.86,35.92,2.27,1
119.99,1.78,9.64,2.58,2
82.7,1.52,33.75,1.58,1
103.11,0.55,19.36,1.99,1
112.72,0.31,10.15,2.92,1
104.79,0.7,19.33,1.45,2
148.89,0.34,19.01,2.81,2
86.09,0.06,45.65,1.29,2
86.46,0.85,13.05,2.27,2
153.96,0.62,41.78,2.48,1
196.84,1.51,25.96,1.44,2
91.67,0.62,34.0,2.58,2
107.8,0.45,43.75,2.31,2
127.05,1.4,34.93,2.62,2
134.39,0.06,26.39,1.83,2
181.49,0.56,20.69,2.23,1
128.68,1.43,9.81,2.2,1
175.09,1.07,23.04,1.94,1
145.75,1.95,22.27,1.81,2
174.12,0.87,40.43,2.18,1
100.77,1.34,38.27,2.48,2
93.72,1.19,19.64,1.38,2
101.14,1.91,8.13,1.4,2
119.29,1.29,7.77,1.59,1
186.47,1.81,33.63,1.2,1
159.31,0.91,18.12,2.31,2
103.48,1.36,19.25,2.23,2
190.22,1.87,37.3,2.85,1
149.93,1.22,27.97,2.73,2
87.49,1.8,48.56,1.2,2
93.16,0.56,6.4,1.98,2
155.03,1.42,23.27,1.98,1
159.5,0.95,13.47,1.89,2
180.8,0.31,49.89,2.41,1
81.39,1.3,11.48,2.79,2
197.0,0.27,11.17,2.65,2
187.23,1.39,46.86,2.32,2
141.13,1.1,25.25,1.84,1
130.97,0.01,27.42,2.52,2
129.3,1.09,21.51,2.96,2
164.59,0.23,26.67,2.44,1
167.62,1.05,43.67,2.55,2
135.79,0.16,45.05,1.36,2
155.68,1.33,35.09,2.43,2
153.56,1.81,29.08,1.22,2
141.52,0.94,38.02,1.96,2
114.71,0.07,46.53,2.55,2
87.37,0.95,12.61,1.29,2
177.07,1.25,17.91,1.35,1
182.17,0.56,10.96,1.71,2
81.7,0.22,12.86,2.27,1
159.1,0.74,12.89,2.61,1
138.19,1.6,43.79,1.82,1
196.08,1.19,41.98,2.71,2
172.44,0.48,24.81,2.35,1
149.33,1.68,7.44,1.68,1
86.3,0.93,26.43,2.06,1
125.58,1.41,26.36,1.46,2
81.42,1.85,25.2,2.42,1
91.68,1.06,20.92,2.72,2
120.2,0.53,9.42,2.38,2
135.33,1.35,15.88,2.41,1
142.39,1.36,49.69,1.76,1
160.74,1.66,5.54,1.38,1
162.26,0.7,37.64,1.65,1
82.84,0.18,47.23,2.38,1
194.06,1.28,36.86,1.42,1
125.12,1.53,34.16,2.65,1
187.52,1.39,16.4,2.04,1
156.65,1.85,17.44,1.97,2
110.88,1.56,17.48,1.31,2
119.92,0.12,48.0,1.68,2
88.33,1.96,14.03,1.91,2
93.01,1.08,24.41,2.31,1
189.51,1.43,9.65,1.33,2
173.27,0.04,27.4,2.38,1
191.95,1.33,16.99,2.46,2
148.96,1.03,47.3,2.08,2
128.47,1.46,41.55,1.33,1
80.4,1.91,41.81,2.07,2
120.01,0.61,7.48,2.99,1
123.84,1.71,20.3,2.71,2
157.74,0.35,6.77,1.89,1
115.86,0.78,9.8,2.44,2
90.18,1.27,38.09,1.45,1
83.04,1.99,15.73,1.9,2
139.96,1.93,41.53,2.94,1
84.45,0.11,40.45,1.28,1
105.4,1.31,28.54,2.89,1
168.93,0.47,8.24,2.52,2
158.46,0.94,46.31,1.28,1
81.72,1.27,45.71,2.68,1
134.74,0.34,31.6,2.67,1
93.7,1.19,32.7,1.31,1
131.15,1.62,49.2,2.42,2
94.5,1.37,29.56,1.78,1
171.71,1.19,20.1,1.42,1
170.91,0.34,21.65,1.5,1
191.08,0.08,9.5,2.73,2
173.32,0.03,26.91,1.21,1
191.14,1.41,31.72,1.71,2
163.08,0.41,33.79,2.14,2
108.71,0.35,36.13,2.27,2
153.45,0.18,42.19,1.74,2
80.55,0.47,10.29,2.15,1
154.27,1.73,49.41,2.11,2
172.44,1.32,17.44,1.55,1
162.23,1.94,26.35,1.52,1
86.48,0.73,14.43,1.65,2
85.2,1.48,46.62,1.52,1
138.21,0.23,45.28,2.5,2
130.29,1.49,45.43,1.61,1
119.14,0.2,38.2,2.77,2
186.96,0.15,31.33,1.3,2
97.39,1.86,25.47,1.9,1
134.93,0.39,21.14,1.69,2
95.27,1.38,7.68,1.45,2
135.03,0.34,20.46,2.8,1
174.75,1.28,32.52,1.51,1
90.38,1.71,27.01,2.99,2
180.44,0.56,37.85,2.53,1
109.74,0.87,15.01,2.87,1
189.65,1.8,23.8,1.28,2
168.02,1.01,24.16,1.91,1
134.29,0.48,30.13,1.22,2
193.99,0.27,18.31,2.37,1
81.91,1.34,12.28,2.03,1
197.17,0.93,11.24,2.47,1
174.78,0.74,25.89,2.34,1
126.19,1.38,28.89,1.73,2
163.77,1.23,30.89,1.57,1
154.45,0.67,46.95,2.13,2
186.56,0.22,21.45,2.31,2
123.97,1.3,36.72,2.21,1
96.61,0.67,29.28,2.37,1
170.38,1.52,19.42,2.82,2
113.26,0.13,20.54,2.08,1
136.42,1.06,42.14,2.82,2
154.51,1.6,47.54,2.66,1
102.6,1.77,8.93,1.9,1
114.6,1.91,9.92,1.7,1
139.56,1.75,28.43,2.33,2
129.98,1.36,46.93,2.05,2
133.26,1.29,18.12,1.31,1
180.19,1.04,20.11,2.24,2
138.34,1.33,28.86,2.19,2
116.49,0.26,40.52,1.51,2
107.21,0.74,17.97,2.72,1
122.37,0.91,12.49,2.86,2
101.87,0.35,36.87,2.83,1
99.35,0.23,49.72,2.23,2
111.25,0.37,30.31,1.26,2
197.36,0.3,25.18,2.96,2
94.58,0.05,46.9,2.58,2
191.34,0.31,48.66,2.18,2
157.67,0.59,45.32,2.95,1
175.95,1.46,46.5,1.81,1
167.8,1.8,11.27,2.19,2
82.98,1.24,14.92,1.84,2
86.6,1.28,31.25,1.6,2
103.49,0.17,43.23,2.42,1
197.1,0.79,27.07,2.29,1
189.01,0.72,11.66,2.74,2
126.33,0.02,20.52,1.75,2
184.92,0.18,37.75,2.0,2
176.44,0.58,41.26,2.95,2
167.43,0.83,42.6,2.28,1
104.93,0.95,44.04,2.98,1
191.98,1.18,21.91,1.21,2
129.74,1.11,36.96,2.56,1
103.91,1.66,18.03,2.08,2
180.15,0.61,30.17,2.03,1
174.95,0.31,18.51,2.35,2
94.9,1.33,17.95,1.52,1
83.41,1.53,27.19,2.95,2
149.73,1.13,44.08,2.33,2
196.91,1.64,21.79,2.52,1
181.43,0.33,7.63,1.78,1
122.89,0.11,21.25,2.35,2
85.85,0.58,33.75,1.34,1
171.97,0.37,9.25,2.55,2
184.69,1.65,35.82,1.74,2
91.5,1.16,42.05,1.22,2
124.76,0.97,20.31,2.84,1
106.15,1.01,42.42,2.63,1
130.08,1.83,10.25,1.44,1
137.54,0.62,21.32,2.67,2
100.66,0.61,38.5,1.41,1
182.82,0.28,15.2,1.43,1
197.73,0.85,39.34,1.4,1
172.96,1.51,6.91,1.39,1
136.29,1.82,6.95,1.74,1
170.55,1.56,46.4,1.57,1
102.17,0.7,9.09,2.72,2
193.85,0.7,12.23,2.1,1
140.59,0.14,41.88,2.57,1
165.9,1.93,12.73,2.56,1
196.83,0.2,14.63,2.11,2
123.98,1.18,24.78,2.92,1
180.17,1.96,24.08,2.13,2
93.54,1.97,10.56,1.4,1
139.5,0.72,17.97,2.5,1
119.37,0.23,17.76,2.28,2
162.45,1.68,15.16,1.93,2
102.65,0.14,42.85,2.06,2
101.52,2.0,27.12,1.39,2
142.72,1.35,10.36,1.91,1
168.97,1.78,12.59,1.85,1
120.64,1.19,49.58,1.42,2
167.02,0.56,37.11,2.25,2
170.76,1.6,47.45,1.84,2
198.5,1.02,11.63,2.02,1
110.08,0.99,33.28,1.44,1
168.54,1.66,27.42,1.25,1
125.92,1.36,11.87,2.32,1
171.22,1.32,28.4,2.09,2
104.23,1.32,27.06,1.67,2
177.14,1.08,5.8,2.58,2
185.62,0.24,25.26,2.74,2
135.16,0.07,30.05,2.75,2
186.16,0.33,24.38,1.76,2
138.49,0.22,35.38,2.39,2
137.11,1.71,27.8,1.9,2
150.93,0.76,35.44,2.58,2
118.46,0.06,7.03,2.71,2
177.15,1.17,39.43,2.33,2
91.68,0.69,21.08,1.83,1
109.71,1.3,31.66,2.84,1
184.27,0.23,12.64,2.17,1
135.31,1.73,30.56,2.82,2
82.45,0.94,6.0,1.77,2
118.69,0.2,26.98,2.44,1
120.32,1.01,39.42,1.81,2
123.6,0.87,27.36,2.73,1
180.85,1.07,17.93,1.29,2
176.55,1.25,48.11,2.49,1
151.02,0.55,30.49,2.16,2
105.17,1.59,34.32,1.74,2
131.95,1.08,14.0,1.92,2
160.59,1.1,44.64,2.33,1
149.22,0.43,48.3,2.54,2
112.15,1.28,41.4,2.73,2
192.16,1.45,7.69,1.56,2
97.73,0.3,35.84,1.74,2
129.23,1.72,46.0,2.34,2
112.03,0.57,12.23,2.44,1
128.7,0.23,13.64,1.64,2
135.7,1.12,24.63,2.36,1
104.24,0.55,6.31,2.62,2
159.04,0.35,43.36,2.93,2
173.87,0.11,45.34,1.77,2
184.06,1.8,23.32,1.85,1
127.63,1.68,42.92,1.62,1
142.63,1.66,47.74,2.88,2
139.57,0.18,31.99,2.59,2
119.51,1.17,22.55,2.55,1
192.26,0.44,9.81,1.59,2
132.74,0.51,31.53,2.08,2
163.95,0.23,29.56,2.05,1
195.6,1.76,47.16,1.85,2
178.56,0.04,48.51,2.29,1
162.88,1.58,15.79,2.19,2
156.67,1.4,45.64,2.43,1
182.92,0.78,45.94,1.91,2
116.11,1.87,39.05,1.74,1
189.91,1.26,44.58,2.58,2
174.72,0.55,8.6,2.6,2
136.53,0.83,42.85,2.49,1
178.93,1.4,27.79,1.83,2
134.39,0.05,7.34,2.35,2
174.92,0.27,23.03,2.33,2
149.1,0.22,16.23,2.48,1
181.64,1.37,40.67,1.77,2
184.82,0.27,12.81,2.27,2
175.94,0.4,23.65,1.53,2
193.37,1.77,15.1,2.91,1
188.82,1.95,13.92,2.46,1
85.97,1.24,32.02,1.47,2
100.41,1.13,5.64,2.15,2
179.27,0.99,15.1,1.57,2
114.56,0.99,10.86,2.74,1
199.42,0.57,35.47,1.95,2
175.1,0.06,48.93,1.62,2
188.88,0.74,35.79,2.02,1
136.27,1.74,48.85,1.92,1
165.6,1.42,38.12,1.66,1
146.84,0.1,46.9,2.05,2
199.61,1.88,48.52,2.28,1
80.64,1.01,22.14,2.96,2
95.87,1.78,6.85,1.52,1
140.45,1.86,44.51,1.44,2
165.23,0.87,16.72,1.76,1
139.91,1.95,17.65,1.85,2
113.95,1.75,32.58,2.57,2
142.04,0.87,12.42,2.53,2
171.64,0.3,43.39,2.38,2
86.39,0.3,15.34,1.26,2
99.63,0.93,10.22,2.81,2
84.9,0.71,36.91,2.07,2
93.5,1.44,11.66,1.83,1
184.18,0.36,12.57,2.12,2
147.59,1.33,14.56,3.0,1
143.12,1.14,23.74,1.34,2
161.23,1.77,6.17,2.43,1
127.3,1.18,47.8,2.71,1
83.46,0.92,36.85,2.06,2
151.3,0.01,48.64,2.38,2
118.99,1.46,38.04,2.92,1
105.36,0.1,33.96,1.78,1
169.26,1.09,32.1,1.37,2
101.36,1.93,43.95,1.36,1
99.55,1.56,17.82,2.55,1
94.47,0.98,24.46,2.65,2
188.45,1.21,21.16,1.37,2
141.52,0.98,44.84,2.06,2
90.83,0.85,21.57,1.54,2
91.15,1.03,48.8,2.42,1
191.68,1.05,34.13,1.35,2
132.48,1.81,26.49,1.47,1
162.12,0.6,16.19,1.97,1
146.12,1.83,28.1,2.12,2
91.34,1.32,30.58,1.66,2
150.27,1.54,5.73,2.53,2
101.55,0.36,22.68,1.35,2
117.67,1.45,39.08,2.01,2
120.96,1.84,41.45,1.58,1
169.64,1.21,44.22,1.39,1
80.7,0.23,12.73,2.06,2
184.25,1.93,32.08,2.08,2
162.88,1.93,35.38,2.65,1
95.01,0.03,10.04,1.23,1
183.08,0.42,34.19,2.37,2
181.05,1.72,29.24,1.35,2
97.78,0.84,10.24,2.82,2
195.66,0.94,43.69,2.25,1
115.38,1.66,22.63,1.8,1
155.65,1.43,49.08,2.73,2
84.44,0.8,28.1,2.5,2
107.83,0.12,5.86,2.24,1
112.14,1.3,45.01,1.41,2
133.8,0.87,12.26,2.51,2
121.26,0.46,14.89,2.84,2
190.61,1.71,37.18,2.04,2
166.76,0.78,23.76,2.89,2
175.52,1.6,43.0,2.32,2
162.88,0.17,26.73,1.51,1
152.69,0.2,23.72,2.99,2
108.17,1.11,49.97,1.85,2
122.85,0.32,42.26,2.81,1
176.82,0.68,10.13,1.61,1
138.36,1.99,40.32,2.58,2
187.56,1.71,44.32,2.29,1
164.77,1.85,24.7,2.02,1
196.96,1.56,32.43,2.75,1
178.83,0.08,9.74,2.33,1
189.32,0.31,18.15,1.99,2
167.91,0.2,34.12,1.8,1
94.76,0.4,48.63,2.58,1
109.44,1.62,20.36,2.11,1
111.92,1.43,23.68,2.33,1
98.19,1.51,23.98,1.61,2
129.61,0.82,25.64,2.73,2
193.25,0.89,39.66,2.49,1
90.17,0.63,49.19,1.5,1
127.19,0.07,46.51,1.47,1
197.33,1.96,40.96,2.78,2
130.32,1.77,36.54,2.77,2
189.11,0.02,17.59,2.15,1
164.04,0.89,14.23,2.18,2
163.7,1.78,40.17,1.93,1
185.72,0.17,29.18,1.9,1
142.46,1.08,14.62,2.12,2
142.56,1.51,12.2,1.25,2
108.96,1.55,37.69,2.98,1
167.84,1.68,16.69,2.11,1
85.73,1.3,10.61,1.74,1
134.38,1.97,41.24,2.98,1
122.04,0.57,40.32,2.49,1
165.72,1.04,16.14,1.79,1
178.74,0.72,9.41,2.48,2
89.83,0.12,44.98,2.06,2
89.37,1.35,23.12,2.21,2
184.64,1.17,33.64,2.99,2
167.81,0.83,12.33,2.11,2
165.34,0.26,36.7,2.75,1
163.34,0.91,6.47,1.48,2
190.6,0.24,43.35,1.4,2
148.61,0.08,11.9,1.87,2
116.39,0.97,40.6,1.46,2
85.84,1.79,45.01,1.59,2
80.25,1.1,8.04,1.28,2
148.77,1.13,45.51,2.61,2
180.14,1.67,10.98,1.45,2
171.4,1.33,11.7,2.51,1
175.98,1.33,23.43,1.62,2
120.68,0.09,35.17,2.0,2
157.51,1.73,36.82,2.23,2
147.33,0.25,30.17,1.55,1
194.88,1.04,38.78,2.1,1
94.43,1.87,13.09,1.23,1
109.43,1.41,44.94,2.0,2
128.22,0.09,43.79,1.24,2
101.66,0.05,28.76,1.89,1
93.76,0.2,12.57,1.46,2
172.2,0.31,47.85,2.42,1
153.74,0.65,6.22,1.31,2
91.85,0.28,45.19,1.66,1
86.23,0.48,31.87,1.63,2
193.92,0.54,19.33,2.2,1
138.1,0.81,15.52,2.8,2
146.49,1.17,9.57,2.57,1
116.55,0.81,8.78,2.34,1
173.95,0.28,29.32,1.5,1
144.5,0.85,46.02,2.01,1
177.52,1.92,32.93,2.38,1
80.07,1.87,26.7,2.28,2
199.91,1.68,14.57,2.71,2
85.46,1.48,30.34,1.74,2
163.81,1.66,37.63,3.0,2
105.3,1.01,41.09,2.79,2
156.22,1.96,36.85,1.69,2
121.0,0.92,31.98,1.23,1
157.57,0.0,26.44,2.82,1
129.58,1.79,36.65,2.57,1
174.48,1.3,8.49,1.26,2
160.67,0.71,41.58,2.69,2
126.41,1.68,41.53,2.97,1
135.52,1.87,25.01,1.6,1
171.01,1.36,36.91,1.54,2
177.01,0.44,49.11,2.94,1
113.69,1.81,36.81,1.58,1
198.11,1.28,9.99,1.7,2
100.46,0.39,38.25,2.41,1
87.84,0.26,7.93,1.67,1
185.72,1.46,17.34,2.73,1
199.03,1.39,28.98,1.66,2
80.23,0.85,35.29,2.37,2
131.91,1.99,17.33,2.42,2
139.47,1.03,6.96,2.5,1
113.35,0.84,25.2,1.21,1
120.16,1.76,41.35,2.98,1
197.37,0.85,8.35,1.65,1
119.51,0.13,33.14,1.25,2
176.97,1.19,33.18,1.8,2
109.66,0.95,48.15,2.7,2
142.36,0.47,8.28,2.28,2
171.69,1.25,31.05,1.35,1
190.01,0.75,45.05,2.45,1
87.44,1.6,7.47,2.3,2
87.89,1.36,30.17,1.73,2
128.2,1.23,23.5,2.76,1
134.41,0.93,24.26,2.32,1
120.75,1.88,40.23,2.02,2
150.54,0.22,5.55,2.48,1
188.52,0.25,27.9,1.84,2
166.95,0.89,15.94,2.63,1
95.32,1.17,28.09,2.37,2
117.34,1.77,39.9,1.47,2
152.4,0.58,48.66,2.13,1
86.88,1.01,42.58,2.75,2
121.26,1.95,33.82,1.56,1
120.99,1.34,36.27,2.97,2
182.24,1.13,20.1,1.74,2
99.47,0.91,40.51,1.28,1
190.39,1.28,36.19,2.04,1
108.68,1.47,47.87,1.8,2
104.64,0.37,49.54,1.85,1
122.95,1.11,11.41,1.99,2
85.27,0.06,13.9,1.51,2
166.26,0.68,29.95,1.52,1
101.13,0.52,9.55,2.7,1
125.47,1.57,9.99,2.89,2
134.74,0.74,21.76,1.51,2
185.41,0.13,11.5,2.86,1
103.0,0.76,21.84,2.28,1
190.52,1.53,31.43,2.74,2
174.75,0.66,7.4,2.63,1
182.18,1.94,44.86,1.58,1
174.16,1.58,32.67,1.5,2
170.16,1.29,27.91,2.1,2
101.48,1.42,28.65,2.07,2
136.85,1.16,33.71,2.62,1
104.86,1.79,25.34,1.62,1
116.72,1.78,30.71,2.88,2
110.54,0.17,38.82,1.73,2
107.62,0.08,28.05,1.81,2
136.11,0.82,41.2,1.77,2
82.97,0.88,16.95,1.34,1
115.34,1.0,29.6,1.34,2
191.19,0.2,8.21,1.27,1
120.05,1.35,16.25,2.54,2
102.88,1.21,11.2,2.74,2
81.02,0.6,42.0,2.61,2
193.5,1.64,39.1,1.22,1
183.86,0.46,37.55,1.58,1
141.9,1.57,39.09,2.5,2
120.88,0.17,43.06,1.97,2
105.15,0.9,30.13,1.87,1
116.67,1.48,27.49,2.39,2
120.78,0.84,35.86,1.93,2
119.13,0.05,40.34,2.86,1
197.27,1.99,30.57,2.64,2
197.62,0.41,22.58,2.16,1
136.97,0.66,48.29,2.35,2
91.19,0.21,29.88,1.26,2
83.22,0.4,46.01,1.89,1
107.96,1.32,8.15,1.3,1
100.62,1.72,23.49,1.48,1
95.5,0.84,38.44,1.9,1
95.59,0.41,24.45,2.48,2
99.05,1.15,18.96,1.57,2
113.05,0.01,11.42,1.32,2
152.58,0.49,19.8,2.22,2
135.22,1.15,38.18,1.72,2
121.61,1.69,40.66,1.9,1
129.81,0.36,32.8,1.98,2
189.3,0.37,30.59,1.91,1
108.76,1.74,17.32,2.33,2
160.0,0.13,37.69,2.82,2
129.35,1.52,10.46,1.86,1
140.53,1.56,23.45,1.5,1
140.73,0.92,8.29,2.45,2
125.74,1.49,43.51,1.91,1
110.07,1.42,11.14,2.41,2
138.17,0.14,29.68,1.64,2
96.83,1.64,42.87,1.51,1
152.84,0.35,10.59,2.53,1
89.31,1.53,35.48,1.48,2
101.35,1.43,45.17,2.16,2
163.61,1.67,41.52,2.35,1
126.87,0.62,7.36,1.21,2
172.05,1.86,21.86,1.63,1
81.92,0.06,5.66,2.68,1
106.47,1.76,40.86,2.69,1
166.88,0.09,28.06,2.67,2
147.45,0.38,14.32,2.18,2
94.5,0.43,21.05,1.51,2
158.48,0.02,14.57,1.6,2
157.99,0.74,8.03,1.59,2
172.11,1.0,49.57,2.48,1
110.23,0.19,19.6,2.34,2
161.35,1.94,36.22,1.8,2
197.36,1.33,8.04,1.23,2
125.88,1.28,15.46,2.26,1
107.91,1.23,45.36,1.76,2
170.87,1.24,7.7,1.87,2
104.24,0.75,33.89,1.63,2
168.71,0.66,17.52,2.36,1
142.5,1.96,34.16,1.72,1
107.48,1.47,20.42,1.57,1
188.8,1.33,16.18,2.44,1
152.97,0.76,19.47,2.0,1
87.75,0.98,47.91,1.29,1
192.59,0.25,12.82,2.19,1
108.36,0.16,37.62,1.76,1
109.39,0.35,16.2,1.71,2
196.13,0.4,43.81,2.07,2
127.79,0.34,24.86,2.11,2
171.24,1.64,40.71,1.24,2
131.29,0.17,45.79,1.74,1
146.34,0.35,22.12,1.75,2
125.02,1.21,8.24,1.45,2
103.49,1.83,5.19,2.75,2
138.97,1.85,47.31,2.95,2
126.08,0.62,49.44,1.33,1
199.1,0.25,46.95,1.49,2
194.85,1.54,38.82,1.83,2
156.2,0.74,7.6,1.89,2
168.28,0.48,6.55,2.66,1
163.7,1.29,16.76,2.02,1
110.51,1.2,47.83,2.71,1
94.01,0.18,37.02,1.89,1
142.22,0.38,24.03,2.69,2
163.02,1.0,28.99,2.8,2
168.07,1.5,46.59,2.76,1
156.34,1.55,20.5,1.46,1
191.6,0.8,18.86,2.98,2
80.19,0.14,36.33,2.14,2
167.97,0.34,21.86,2.47,1
138.38,1.01,9.96,2.22,1
102.28,0.12,13.22,2.57,2
197.95,1.74,24.83,2.84,1
184.2,0.33,18.19,1.88,2
87.71,0.06,15.57,2.07,1
81.14,0.53,47.98,2.4,1
91.62,1.04,5.33,2.29,2
191.86,0.95,20.17,1.97,2
161.82,0.69,19.19,1.63,2
159.81,0.76,7.58,1.84,2
176.75,0.01,44.17,1.92,1
83.08,0.25,28.88,2.91,1
124.21,1.24,34.65,2.06,2
159.23,0.01,33.71,2.9,2
82.0,0.72,7.06,2.65,2
161.35,0.47,26.8,2.53,1
121.8,1.88,47.37,2.06,1
168.11,0.59,13.78,1.46,1
95.34,1.59,18.56,2.41,2
100.17,0.89,10.21,2.39,1
109.2,0.34,47.49,2.46,1
132.19,1.43,12.21,2.87,2
171.96,0.44,16.59,2.06,1
159.86,1.85,33.51,2.09,2
184.63,1.86,39.49,2.28,2
125.24,1.43,38.12,1.89,2
177.01,0.45,10.21,1.36,1
120.83,1.18,13.47,2.9,2
95.29,0.63,22.11,2.53,2
87.43,1.07,43.12,2.96,2
172.55,1.6,47.03,1.43,1
92.79,0.02,43.36,1.77,2
180.47,1.0,25.51,2.28,1
169.65,1.7,42.25,1.26,2
117.07,1.98,10.56,2.99,2
155.73,0.43,18.12,2.94,1
197.74,0.67,42.25,1.58,1
164.05,0.11,43.94,1.52,2
167.29,0.6,41.68,2.84,1
198.93,1.1,20.18,2.42,2
170.93,0.78,28.75,1.71,1
164.13,1.1,9.38,1.78,1
181.98,1.42,25.59,1.49,1
133.03,0.96,45.37,1.58,1
168.24,0.02,37.67,2.24,1
125.19,1.97,35.58,1.5,1
91.53,1.95,13.08,1.29,2
151.21,1.94,33.21,1.93,1
94.26,0.79,18.62,2.27,1
158.34,0.75,36.13,2.63,1
173.33,1.73,34.26,1.7,2
124.08,0.24,8.72,2.08,1
82.76,1.15,30.77,1.69,1
175.32,0.36,26.79,2.36,2
115.8,0.25,19.64,2.48,1
128.64,1.4,22.72,2.67,2
87.67,1.67,29.25,2.67,1
170.42,0.41,34.64,1.41,1
80.64,0.89,19.14,1.27,1
158.32,0.18,16.55,2.56,1
197.59,1.01,21.36,2.18,2
197.25,1.32,16.18,1.28,2
159.1,0.89,30.97,2.45,2
152.74,1.02,35.96,2.39,1
108.45,0.38,18.49,2.7,1
152.26,0.43,21.16,1.43,2
88.92,0.51,22.18,2.83,2
134.73,1.89,35.44,2.89,1
144.31,0.14,37.97,2.99,1
165.73,1.13,34.15,2.12,1
130.36,0.31,49.66,1.98,1
195.68,0.49,17.16,2.16,2
87.92,1.28,21.33,1.8,2
97.56,1.6,17.31,1.38,1
125.44,0.21,46.65,1.52,2
150.66,1.61,9.3,1.83,2
146.19,1.21,45.35,1.51,2
101.68,1.61,35.5,2.62,2
137.22,0.26,5.43,2.12,1
158.91,0.29,30.54,1.68,2
164.9,0.5,32.39,2.47,1
132.68,0.71,26.09,1.72,2
142.47,1.44,46.57,1.61,1
193.69,0.81,19.07,1.36,1
89.2,0.48,9.21,2.24,1
169.21,1.11,27.18,2.77,2
161.24,1.86,11.14,2.1,1
128.66,1.23,45.99,2.54,2
164.31,1.5,15.99,2.53,1
152.88,1.93,35.35,2.79,1
100.98,0.73,11.0,1.84,1
130.73,0.76,21.8,1.4,1
179.81,1.7,43.6,1.72,2
115.23,0.43,38.21,2.22,1
190.77,1.86,48.16,2.13,1
192.25,1.78,43.18,1.3,1
153.86,0.66,20.93,1.21,1
128.25,0.02,24.39,1.56,1
129.29,1.83,5.31,2.59,2
107.13,0.79,18.47,1.97,1
144.37,0.54,49.52,2.38,2
99.42,0.71,24.53,1.85,1
93.28,0.57,11.02,1.96,2
188.12,0.32,13.95,2.06,2
94.26,0.98,27.3,2.43,1
118.99,1.53,44.68,2.1,2
95.77,1.92,40.67,1.43,2
140.0,1.53,15.64,2.42,2
131.56,1.19,5.36,2.06,2
138.31,1.52,16.15,1.47,1
109.94,1.53,43.89,2.99,1
159.96,0.86,26.33,2.61,1
164.14,1.0,13.15,2.99,1
107.53,0.26,6.73,2.98,1
131.16,1.23,9.09,1.29,2
143.0,1.4,49.11,1.6,2
137.5,1.02,33.97,1.75,2
123.63,1.89,37.02,1.64,1
101.81,0.0,34.72,1.78,2
136.65,1.82,9.53,1.53,2
123.63,0.61,9.36,1.22,1
119.75,1.48,21.26,2.6,2
108.59,0.55,31.29,1.36,1
95.66,1.49,10.42,2.26,1
103.15,0.89,9.44,2.9,2
116.18,0.95,39.24,2.16,1
85.26,0.38,29.77,1.65,2
187.39,0.9,37.28,2.84,1
137.94,1.05,47.86,2.62,1
151.9,1.39,10.8,1.28,1
175.33,1.39,38.33,1.92,1
99.86,1.5,22.29,2.6,2
152.87,0.41,5.16,2.23,1
185.5,1.58,25.49,2.47,2
116.41,0.44,36.87,2.19,1
106.87,1.07,18.13,2.35,2
191.27,0.54,40.58,2.36,1
198.74,0.42,10.23,2.37,2
118.95,1.89,44.78,1.68,1
129.0,1.22,19.61,1.3,1
178.87,0.44,48.44,1.52,1
144.49,1.96,40.02,2.6,1
166.71,1.38,47.55,1.66,1
178.02,0.44,17.1,2.25,2
98.68,0.46,37.68,1.86,2
91.24,0.36,13.33,2.75,1
148.36,1.89,13.12,1.71,2
99.55,0.36,22.74,2.29,1
97.22,0.85,25.48,2.36,2
92.03,1.05,37.7,2.65,1
125.35,0.04,42.2,2.57,1
95.86,1.54,17.04,2.89,1
175.09,0.02,40.62,2.18,2
182.33,0.17,11.27,2.57,2
177.86,0.61,26.55,1.64,2
155.3,0.25,42.12,1.39,2
92.31,1.77,23.69,1.2,1
82.88,0.85,11.63,2.38,1
190.6,1.37,35.9,2.49,1
139.02,1.98,15.1,2.92,2
122.88,1.23,10.33,2.86,1
187.47,1.21,13.01,2.15,1
161.53,0.3,35.03,1.74,2
121.81,0.21,46.23,2.39,2
177.29,1.42,8.44,1.2,1
173.33,0.29,11.65,2.0,2
177.76,0.23,24.24,2.51,1
90.85,1.99,13.18,1.89,2
139.3,0.96,48.78,2.28,2
96.59,1.89,46.47,1.89,2
144.65,0.99,29.13,1.61,1
149.72,0.84,31.0,2.45,1
164.37,0.47,5.13,2.99,1
123.49,0.95,11.01,1.4,2
123.3,1.7,40.04,1.45,2
97.3,1.71,48.73,2.84,1
105.29,0.45,38.61,1.41,1
125.3,0.05,48.42,1.87,1
159.53,0.15,42.68,2.77,1
97.63,0.28,16.03,1.22,2
97.97,0.36,38.46,2.55,2
136.42,1.45,24.98,2.36,1
114.41,0.31,44.65,1.26,1
140.4,0.02,42.47,2.42,2
146.5,1.66,46.36,2.1,1
130.84,0.31,48.79,2.14,1
169.18,0.8,7.52,1.91,1
177.99,0.94,19.09,2.36,2
99.78,1.61,34.1,1.55,1
92.53,0.73,40.05,1.8,1
113.86,1.08,7.94,2.27,2
102.53,0.4,46.81,1.63,1
197.2,1.13,30.37,2.62,1
85.77,0.19,18.89,2.96,2
195.05,1.0,19.15,1.9,2
196.86,1.41,9.38,1.93,1
140.26,1.55,6.07,2.63,2
150.36,1.7,18.06,1.47,2
89.45,1.25,47.88,1.62,1
176.9,1.31,39.6,1.49,2
133.7,0.26,18.09,2.32,2
84.8,1.43,35.73,1.63,1
194.96,1.13,49.75,1.38,1
97.11,1.74,29.62,2.94,1
139.87,0.91,12.64,1.73,1
113.61,0.73,9.02,1.52,2
110.95,0.95,16.52,2.78,1
192.78,1.94,26.97,1.85,2
128.11,1.71,46.27,1.43,2
141.5,1.25,19.11,1.35,2
140.71,0.53,44.4,2.43,1
168.93,0.49,41.96,1.21,1
114.88,0.32,22.97,1.33,2
184.9,1.34,20.7,2.04,2
93.09,0.36,9.88,2.93,2
172.19,0.4,19.79,1.77,2
105.52,1.48,10.14,2.02,1
193.82,0.29,14.61,2.22,2
87.49,1.62,40.53,2.96,1
86.49,1.74,47.87,2.43,2
110.25,0.35,11.38,1.69,1
115.8,1.42,44.21,2.14,2
102.09,0.11,45.27,1.97,2
99.74,0.7,23.86,2.06,1
195.87,0.87,46.07,2.23,1
147.31,1.79,13.94,2.5,1
118.85,1.97,47.25,2.54,2
81.7,1.79,47.02,2.1,2
93.63,1.94,23.29,2.14,1
198.59,1.89,43.58,2.34,1
84.38,1.49,13.44,2.45,1
152.11,0.43,14.44,1.54,1
124.43,0.73,18.59,1.75,1
163.92,1.3,25.52,1.94,2
179.38,0.85,48.83,1.8,1
135.06,0.75,29.87,1.49,2
125.79,1.69,35.98,1.99,2
164.25,1.88,45.76,1.38,1
176.71,0.21,34.23,2.31,2
92.44,1.5,33.07,2.18,2
140.4,1.61,35.05,2.73,1
106.75,0.91,22.15,1.55,2
194.07,0.7,40.72,2.04,2
80.91,0.75,15.08,1.71,2
116.89,1.81,45.92,2.41,1
188.02,0.83,5.7,1.48,2
180.89,1.04,38.36,1.77,1
195.1,1.99,15.88,2.95,1
153.95,0.79,7.32,2.88,2
95.46,1.27,48.98,1.51,2
142.07,0.87,9.48,2.64,1
155.77,1.57,42.94,2.33,2
180.48,0.32,19.51,1.37,1
132.49,1.26,31.7,1.25,1
148.62,0.05,38.04,2.97,2
102.39,1.31,14.98,1.55,1
167.16,1.61,22.01,1.67,1
113.0,1.87,33.23,2.35,1
93.31,1.85,10.52,1.46,2
187.35,0.19,27.24,1.85,1
126.9,0.98,5.99,1.33,1
105.24,0.84,45.04,2.34,2
177.03,0.36,5.46,1.52,1
94.06,0.69,20.61,2.99,1
99.01,1.48,46.7,1.55,1
144.31,1.04,39.24,1.59,2
93.77,0.43,19.74,1.6,1
112.11,0.96,47.9,1.83,2
136.05,1.62,24.62,2.9,1
110.01,0.4,43.07,2.49,2
92.35,1.59,31.44,1.5,1
194.45,0.98,44.73,1.96,2
177.91,1.25,32.33,1.97,2
124.88,1.27,7.89,1.5,1
194.97,0.51,23.44,2.29,2
127.8,0.23,41.41,1.97,1
122.93,0.15,34.56,1.87,2
94.68,0.64,5.49,1.79,2
148.1,0.64,15.47,1.32,2
152.22,1.05,9.63,1.7,1
148.87,1.29,35.7,1.98,2
103.78,0.1,27.23,1.28,2
130.55,0.25,12.7,1.79,2
108.37,0.04,5.8,2.61,1
189.4,0.57,42.87,1.93,1
120.49,0.03,26.15,2.69,2
166.79,0.55,38.92,1.92,2
139.26,0.09,18.43,2.97,2
181.84,1.93,10.46,1.87,1
83.51,0.1,5.47,1.39,2
183.37,1.45,15.19,1.36,2
177.94,1.08,5.22,2.44,1
111.16,1.57,9.99,2.9,1
111.65,1.38,40.62,1.88,1
190.98,1.17,10.4,1.77,1
170.36,1.78,48.46,1.94,2
160.19,1.04,15.82,2.06,2
197.16,0.64,37.89,1.61,2
171.94,1.42,20.89,2.7,1
159.14,1.47,14.27,1.34,2
87.23,0.03,14.73,2.67,1
138.52,0.68,41.63,2.57,2
171.26,0.62,25.43,1.48,1
189.7,0.44,21.36,2.96,1
173.6,0.38,17.5,1.5,2
194.18,1.15,9.59,2.03,1
169.4,0.48,45.23,1.54,1
137.15,1.06,20.84,1.41,1
122.53,0.42,22.86,1.98,2
86.38,0.55,9.4,2.37,2
103.27,0.38,12.95,1.7,2
142.23,0.22,7.24,1.65,1
106.35,0.11,6.61,1.68,1
143.86,0.55,44.72,2.46,2
127.03,0.2,38.03,2.78,2
139.42,0.34,14.16,2.35,2
168.07,0.19,27.65,2.46,2
168.69,1.71,35.96,1.51,1
100.0,0.66,25.48,2.93,2
131.35,0.04,48.85,2.79,1
161.5,1.71,31.73,2.95,1
138.6,0.5,9.92,2.67,2
180.24,1.05,12.53,1.46,1
92.0,1.61,20.11,2.08,2
198.78,0.51,26.89,1.86,1
179.33,0.6,20.02,2.13,2
93.53,1.37,37.77,1.24,2
182.75,1.32,11.37,2.1,1
149.31,1.39,24.38,1.57,1
103.26,1.91,33.74,2.94,2
198.48,1.75,12.87,2.84,2
186.56,0.78,23.78,2.99,2
102.87,1.16,36.58,2.7,1
132.02,0.91,48.57,2.63,2
93.22,0.02,46.73,1.46,1
142.78,0.58,30.12,1.49,2
114.59,1.6,5.7,1.27,2
179.06,0.25,26.98,1.21,2
159.23,0.0,16.31,1.83,2
174.23,1.0,48.13,2.21,1
165.58,0.29,37.99,1.98,1
114.9,0.06,46.98,1.65,2
130.71,1.93,9.42,1.67,2
151.64,0.35,24.61,2.78,1
162.0,0.4,11.11,2.2,2
116.6,0.59,46.72,2.03,1
125.12,1.75,24.66,1.45,2
163.3,1.01,35.83,1.84,2
131.32,0.84,23.46,1.25,1
194.9,0.84,39.01,2.31,2
174.4,1.16,21.79,2.32,2
86.42,1.69,10.67,2.41,2
176.9,1.75,25.71,1.3,1
112.42,1.97,9.82,2.27,2
147.85,1.38,43.89,1.42,1
164.19,1.03,30.29,2.94,1
106.83,1.35,43.35,1.74,2
166.3,1.87,41.25,2.32,1
93.77,0.0,32.17,1.42,1
109.66,0.21,6.11,2.11,2
86.68,0.24,23.21,2.97,1
181.01,1.09,41.98,2.43,1
131.88,1.27,13.32,2.67,1
100.49,1.48,29.6,2.06,2
114.73,0.2,31.49,1.86,2
126.94,1.4,9.83,1.95,2
97.78,0.57,10.41,1.9,2
84.09,1.3,34.57,2.0,2
195.54,0.94,37.54,1.7,1
122.93,1.71,27.64,1.83,2
141.57,0.35,11.81,2.38,2
135.14,1.72,11.3,2.61,2
190.82,0.14,42.77,2.07,2
152.7,0.36,36.88,2.11,2
95.53,0.65,47.98,1.83,2
88.11,0.06,37.98,1.62,1
139.93,1.36,19.56,1.62,1
92.65,1.76,37.77,1.89,2
190.69,0.12,16.27,1.27,1
132.98,0.75,33.41,1.25,1
118.54,1.4,21.99,2.98,1
103.49,0.98,35.55,1.61,1
132.09,1.06,40.55,1.35,1
155.49,1.34,14.16,2.66,1
123.15,0.82,29.6,1.33,1
161.88,1.92,37.77,2.15,1
179.89,1.14,26.32,1.83,1
176.19,0.88,33.15,2.77,1
95.26,1.03,9.54,2.1,1
152.18,0.66,15.08,2.89,2
126.85,0.72,44.26,1.48,2
88.97,1.15,43.39,2.88,2
127.91,0.11,36.39,1.4,2
192.43,1.97,34.4,1.26,2
111.31,0.67,39.41,1.45,2
190.9,1.33,44.52,1.62,1
176.68,1.13,32.45,2.7,1
121.5,0.14,23.73,2.53,1
186.5,0.96,10.83,2.5,1
84.27,1.02,34.27,1.98,2
173.79,1.75,15.25,2.88,1
172.83,1.62,29.04,2.75,1
146.3,0.1,39.46,2.45,2
164.16,1.1,10.2,1.41,2
122.21,0.69,46.31,1.63,1
150.63,0.45,38.64,2.8,1
198.91,0.03,37.39,2.66,1
86.8,0.88,17.72,1.77,1
